{
   
    "brush mousemove": {
        "arrival": 7.991313934326172, 
        "airtime": -3659.6755981445312, 
        "departure": -2331.68363571167,  
        "distance": -661.5321636199951 
    },
    "mousemove": {
        "arrival": -31.991243362426758, 
        "delay": -127.23565101623535,
        "airtime": -169.97289657592773, 
        "departure": -1419.6207523345947, 
        "distance": -655.9083461761475 
    }
}
