{
    "mousemove": {
        "airtime": 10445.754289627075,
        "arrival": 6904.494047164917,
        "departure": 42032.177448272705,
        "distance": 18769.152641296387,
        "delay": 3410.8426570892334
    },
    "click": {
        "departure": 16.505956649780273,
        "distance": 2.6776790618896484,
        "airtime": 7.249355316162109,
        "arrival": 3.6149024963378906
    },
    "brush mousedown": {
        "departure": 26.29828453063965,
        "airtime": 32.95016288757324,
        "distance": 6.738901138305664,
        "arrival": 9.447097778320312
    },
    "brush mousemove": {
        "departure": 22207.014799118042,
        "airtime": 29937.405824661255,
        "distance": 5001.311779022217,
        "arrival": 7737.221240997314
    },
    "brush mouseup": {
        "departure": 23.5140323638916,
        "airtime": 23.83565902709961,
        "distance": 9.942293167114258,
        "arrival": 10.010480880737305
    }
}

