{
    "mousemove": {
        "airtime": 10615.727186203003,
        "arrival": 6936.485290527344,
        "departure": 43451.7982006073,
        "distance": 19425.060987472534,
        "delay": 3538.0783081054688
    },
    "click": {
        "departure": 19.10090446472168,
        "distance": 3.699064254760742,
        "airtime": 6.1893463134765625,
        "arrival": 2.7573108673095703
    },
    "brush mousedown": {
        "departure": 32.18817710876465,
        "airtime": 31.405925750732422,
        "distance": 7.039070129394531,
        "arrival": 13.480663299560547
    },
    "brush mousemove": {
        "departure": 24538.698434829712,
        "airtime": 33597.081422805786,
        "distance": 5662.843942642212,
        "arrival": 7729.229927062988
    },
    "brush mouseup": {
        "departure": 46.78082466125488,
        "airtime": 34.4696044921875,
        "distance": 5.924463272094727,
        "arrival": 10.851383209228516
    }
}

